carrier_id,lane_id,service_level_id,weight_break_min_kg,weight_break_max_kg,rate_per_kg,min_charge,effective_from,effective_to
CAR01,L01,SVC_EXP,0,25.0,0.849,43.8,2024-10-01,
CAR01,L01,SVC_EXP,25,100.0,0.7591,43.8,2024-10-01,
CAR01,L01,SVC_EXP,100,500.0,0.6693,43.8,2024-10-01,
CAR01,L01,SVC_EXP,500,3000.0,0.5895,43.8,2024-10-01,
CAR01,L01,SVC_EXP,3000,,0.5296,43.8,2024-10-01,
CAR01,L01,SVC_STD,0,25.0,0.7196,43.8,2024-10-01,
CAR01,L01,SVC_STD,25,100.0,0.6531,43.8,2024-10-01,
CAR01,L01,SVC_STD,100,500.0,0.5865,43.8,2024-10-01,
CAR01,L01,SVC_STD,500,3000.0,0.5274,43.8,2024-10-01,
CAR01,L01,SVC_STD,3000,,0.4831,43.8,2024-10-01,
CAR01,L01,SVC_ECO,0,25.0,0.6457,43.8,2024-10-01,
CAR01,L01,SVC_ECO,25,100.0,0.5925,43.8,2024-10-01,
CAR01,L01,SVC_ECO,100,500.0,0.5392,43.8,2024-10-01,
CAR01,L01,SVC_ECO,500,3000.0,0.4919,43.8,2024-10-01,
CAR01,L01,SVC_ECO,3000,,0.4564,43.8,2024-10-01,
CAR02,L01,SVC_EXP,0,25.0,0.8193,43.8,2024-10-01,
CAR02,L01,SVC_EXP,25,100.0,0.7348,43.8,2024-10-01,
CAR02,L01,SVC_EXP,100,500.0,0.6503,43.8,2024-10-01,
CAR02,L01,SVC_EXP,500,3000.0,0.5752,43.8,2024-10-01,
CAR02,L01,SVC_EXP,3000,,0.5189,43.8,2024-10-01,
CAR02,L01,SVC_STD,0,25.0,0.6976,43.8,2024-10-01,
CAR02,L01,SVC_STD,25,100.0,0.635,43.8,2024-10-01,
CAR02,L01,SVC_STD,100,500.0,0.5725,43.8,2024-10-01,
CAR02,L01,SVC_STD,500,3000.0,0.5168,43.8,2024-10-01,
CAR02,L01,SVC_STD,3000,,0.4751,43.8,2024-10-01,
CAR02,L01,SVC_ECO,0,25.0,0.6281,43.8,2024-10-01,
CAR02,L01,SVC_ECO,25,100.0,0.578,43.8,2024-10-01,
CAR02,L01,SVC_ECO,100,500.0,0.528,43.8,2024-10-01,
CAR02,L01,SVC_ECO,500,3000.0,0.4835,43.8,2024-10-01,
CAR02,L01,SVC_ECO,3000,,0.4501,43.8,2024-10-01,
CAR03,L01,SVC_EXP,0,25.0,0.7539,43.8,2024-10-01,
CAR03,L01,SVC_EXP,25,100.0,0.6812,43.8,2024-10-01,
CAR03,L01,SVC_EXP,100,500.0,0.6085,43.8,2024-10-01,
CAR03,L01,SVC_EXP,500,3000.0,0.5439,43.8,2024-10-01,
CAR03,L01,SVC_EXP,3000,,0.4954,43.8,2024-10-01,
CAR03,L01,SVC_STD,0,25.0,0.6492,43.8,2024-10-01,
CAR03,L01,SVC_STD,25,100.0,0.5953,43.8,2024-10-01,
CAR03,L01,SVC_STD,100,500.0,0.5415,43.8,2024-10-01,
CAR03,L01,SVC_STD,500,3000.0,0.4936,43.8,2024-10-01,
CAR03,L01,SVC_STD,3000,,0.4577,43.8,2024-10-01,
CAR03,L01,SVC_ECO,0,25.0,0.5894,43.8,2024-10-01,
CAR03,L01,SVC_ECO,25,100.0,0.5463,43.8,2024-10-01,
CAR03,L01,SVC_ECO,100,500.0,0.5032,43.8,2024-10-01,
CAR03,L01,SVC_ECO,500,3000.0,0.4649,43.8,2024-10-01,
CAR03,L01,SVC_ECO,3000,,0.4362,43.8,2024-10-01,
CAR04,L01,SVC_EXP,0,25.0,0.9559,43.8,2024-10-01,
CAR04,L01,SVC_EXP,25,100.0,0.8468,43.8,2024-10-01,
CAR04,L01,SVC_EXP,100,500.0,0.7378,43.8,2024-10-01,
CAR04,L01,SVC_EXP,500,3000.0,0.6408,43.8,2024-10-01,
CAR04,L01,SVC_EXP,3000,,0.5681,43.8,2024-10-01,
CAR04,L01,SVC_STD,0,25.0,0.7988,43.8,2024-10-01,
CAR04,L01,SVC_STD,25,100.0,0.718,43.8,2024-10-01,
CAR04,L01,SVC_STD,100,500.0,0.6372,43.8,2024-10-01,
CAR04,L01,SVC_STD,500,3000.0,0.5654,43.8,2024-10-01,
CAR04,L01,SVC_STD,3000,,0.5116,43.8,2024-10-01,
CAR04,L01,SVC_ECO,0,25.0,0.709,43.8,2024-10-01,
CAR04,L01,SVC_ECO,25,100.0,0.6444,43.8,2024-10-01,
CAR04,L01,SVC_ECO,100,500.0,0.5798,43.8,2024-10-01,
CAR04,L01,SVC_ECO,500,3000.0,0.5223,43.8,2024-10-01,
CAR04,L01,SVC_ECO,3000,,0.4793,43.8,2024-10-01,
CAR01,L02,SVC_EXP,0,25.0,1.2997,51.75,2024-10-01,
CAR01,L02,SVC_EXP,25,100.0,1.1288,51.75,2024-10-01,
CAR01,L02,SVC_EXP,100,500.0,0.9578,51.75,2024-10-01,
CAR01,L02,SVC_EXP,500,3000.0,0.8059,51.75,2024-10-01,
CAR01,L02,SVC_EXP,3000,,0.6919,51.75,2024-10-01,
CAR01,L02,SVC_STD,0,25.0,1.0535,51.75,2024-10-01,
CAR01,L02,SVC_STD,25,100.0,0.9269,51.75,2024-10-01,
CAR01,L02,SVC_STD,100,500.0,0.8002,51.75,2024-10-01,
CAR01,L02,SVC_STD,500,3000.0,0.6877,51.75,2024-10-01,
CAR01,L02,SVC_STD,3000,,0.6033,51.75,2024-10-01,
CAR01,L02,SVC_ECO,0,25.0,0.9128,51.75,2024-10-01,
CAR01,L02,SVC_ECO,25,100.0,0.8115,51.75,2024-10-01,
CAR01,L02,SVC_ECO,100,500.0,0.7102,51.75,2024-10-01,
CAR01,L02,SVC_ECO,500,3000.0,0.6201,51.75,2024-10-01,
CAR01,L02,SVC_ECO,3000,,0.5526,51.75,2024-10-01,
CAR03,L02,SVC_EXP,0,25.0,1.1188,51.75,2024-10-01,
CAR03,L02,SVC_EXP,25,100.0,0.9804,51.75,2024-10-01,
CAR03,L02,SVC_EXP,100,500.0,0.842,51.75,2024-10-01,
CAR03,L02,SVC_EXP,500,3000.0,0.719,51.75,2024-10-01,
CAR03,L02,SVC_EXP,3000,,0.6268,51.75,2024-10-01,
CAR03,L02,SVC_STD,0,25.0,0.9195,51.75,2024-10-01,
CAR03,L02,SVC_STD,25,100.0,0.817,51.75,2024-10-01,
CAR03,L02,SVC_STD,100,500.0,0.7145,51.75,2024-10-01,
CAR03,L02,SVC_STD,500,3000.0,0.6234,51.75,2024-10-01,
CAR03,L02,SVC_STD,3000,,0.555,51.75,2024-10-01,
CAR03,L02,SVC_ECO,0,25.0,0.8056,51.75,2024-10-01,
CAR03,L02,SVC_ECO,25,100.0,0.7236,51.75,2024-10-01,
CAR03,L02,SVC_ECO,100,500.0,0.6416,51.75,2024-10-01,
CAR03,L02,SVC_ECO,500,3000.0,0.5687,51.75,2024-10-01,
CAR03,L02,SVC_ECO,3000,,0.514,51.75,2024-10-01,
CAR04,L02,SVC_EXP,0,25.0,1.5032,51.75,2024-10-01,
CAR04,L02,SVC_EXP,25,100.0,1.2957,51.75,2024-10-01,
CAR04,L02,SVC_EXP,100,500.0,1.0881,51.75,2024-10-01,
CAR04,L02,SVC_EXP,500,3000.0,0.9036,51.75,2024-10-01,
CAR04,L02,SVC_EXP,3000,,0.7652,51.75,2024-10-01,
CAR04,L02,SVC_STD,0,25.0,1.2043,51.75,2024-10-01,
CAR04,L02,SVC_STD,25,100.0,1.0505,51.75,2024-10-01,
CAR04,L02,SVC_STD,100,500.0,0.8967,51.75,2024-10-01,
CAR04,L02,SVC_STD,500,3000.0,0.76,51.75,2024-10-01,
CAR04,L02,SVC_STD,3000,,0.6575,51.75,2024-10-01,
CAR04,L02,SVC_ECO,0,25.0,1.0334,51.75,2024-10-01,
CAR04,L02,SVC_ECO,25,100.0,0.9104,51.75,2024-10-01,
CAR04,L02,SVC_ECO,100,500.0,0.7874,51.75,2024-10-01,
CAR04,L02,SVC_ECO,500,3000.0,0.678,51.75,2024-10-01,
CAR04,L02,SVC_ECO,3000,,0.596,51.75,2024-10-01,
CAR01,L03,SVC_EXP,0,25.0,0.7639,42.3,2024-10-01,
CAR01,L03,SVC_EXP,25,100.0,0.6894,42.3,2024-10-01,
CAR01,L03,SVC_EXP,100,500.0,0.6149,42.3,2024-10-01,
CAR01,L03,SVC_EXP,500,3000.0,0.5487,42.3,2024-10-01,
CAR01,L03,SVC_EXP,3000,,0.499,42.3,2024-10-01,
CAR01,L03,SVC_STD,0,25.0,0.6566,42.3,2024-10-01,
CAR01,L03,SVC_STD,25,100.0,0.6014,42.3,2024-10-01,
CAR01,L03,SVC_STD,100,500.0,0.5462,42.3,2024-10-01,
CAR01,L03,SVC_STD,500,3000.0,0.4972,42.3,2024-10-01,
CAR01,L03,SVC_STD,3000,,0.4604,42.3,2024-10-01,
CAR01,L03,SVC_ECO,0,25.0,0.5953,42.3,2024-10-01,
CAR01,L03,SVC_ECO,25,100.0,0.5511,42.3,2024-10-01,
CAR01,L03,SVC_ECO,100,500.0,0.507,42.3,2024-10-01,
CAR01,L03,SVC_ECO,500,3000.0,0.4677,42.3,2024-10-01,
CAR01,L03,SVC_ECO,3000,,0.4383,42.3,2024-10-01,
CAR02,L03,SVC_EXP,0,25.0,0.7393,42.3,2024-10-01,
CAR02,L03,SVC_EXP,25,100.0,0.6692,42.3,2024-10-01,
CAR02,L03,SVC_EXP,100,500.0,0.5991,42.3,2024-10-01,
CAR02,L03,SVC_EXP,500,3000.0,0.5369,42.3,2024-10-01,
CAR02,L03,SVC_EXP,3000,,0.4901,42.3,2024-10-01,
CAR02,L03,SVC_STD,0,25.0,0.6383,42.3,2024-10-01,
CAR02,L03,SVC_STD,25,100.0,0.5864,42.3,2024-10-01,
CAR02,L03,SVC_STD,100,500.0,0.5345,42.3,2024-10-01,
CAR02,L03,SVC_STD,500,3000.0,0.4884,42.3,2024-10-01,
CAR02,L03,SVC_STD,3000,,0.4538,42.3,2024-10-01,
CAR02,L03,SVC_ECO,0,25.0,0.5807,42.3,2024-10-01,
CAR02,L03,SVC_ECO,25,100.0,0.5392,42.3,2024-10-01,
CAR02,L03,SVC_ECO,100,500.0,0.4976,42.3,2024-10-01,
CAR02,L03,SVC_ECO,500,3000.0,0.4607,42.3,2024-10-01,
CAR02,L03,SVC_ECO,3000,,0.433,42.3,2024-10-01,
CAR03,L03,SVC_EXP,0,25.0,0.6851,42.3,2024-10-01,
CAR03,L03,SVC_EXP,25,100.0,0.6248,42.3,2024-10-01,
CAR03,L03,SVC_EXP,100,500.0,0.5644,42.3,2024-10-01,
CAR03,L03,SVC_EXP,500,3000.0,0.5108,42.3,2024-10-01,
CAR03,L03,SVC_EXP,3000,,0.4706,42.3,2024-10-01,
CAR03,L03,SVC_STD,0,25.0,0.5982,42.3,2024-10-01,
CAR03,L03,SVC_STD,25,100.0,0.5535,42.3,2024-10-01,
CAR03,L03,SVC_STD,100,500.0,0.5088,42.3,2024-10-01,
CAR03,L03,SVC_STD,500,3000.0,0.4691,42.3,2024-10-01,
CAR03,L03,SVC_STD,3000,,0.4394,42.3,2024-10-01,
CAR03,L03,SVC_ECO,0,25.0,0.5486,42.3,2024-10-01,
CAR03,L03,SVC_ECO,25,100.0,0.5128,42.3,2024-10-01,
CAR03,L03,SVC_ECO,100,500.0,0.4771,42.3,2024-10-01,
CAR03,L03,SVC_ECO,500,3000.0,0.4453,42.3,2024-10-01,
CAR03,L03,SVC_ECO,3000,,0.4215,42.3,2024-10-01,
CAR01,L04,SVC_STD,0,25.0,1.7864,69.2,2024-10-01,2025-06-30
CAR01,L04,SVC_STD,0,25.0,2.0365,76.12,2025-07-01,
CAR01,L04,SVC_STD,25,100.0,1.5278,69.2,2024-10-01,2025-06-30
CAR01,L04,SVC_STD,25,100.0,1.7417,76.12,2025-07-01,
CAR01,L04,SVC_STD,100,500.0,1.2693,69.2,2024-10-01,2025-06-30
CAR01,L04,SVC_STD,100,500.0,1.447,76.12,2025-07-01,
CAR01,L04,SVC_STD,500,3000.0,1.0395,69.2,2024-10-01,2025-06-30
CAR01,L04,SVC_STD,500,3000.0,1.185,76.12,2025-07-01,
CAR01,L04,SVC_STD,3000,,0.8671,69.2,2024-10-01,2025-06-30
CAR01,L04,SVC_STD,3000,,0.9885,76.12,2025-07-01,
CAR01,L04,SVC_ECO,0,25.0,1.4991,69.2,2024-10-01,2025-06-30
CAR01,L04,SVC_ECO,0,25.0,1.709,76.12,2025-07-01,
CAR01,L04,SVC_ECO,25,100.0,1.2923,69.2,2024-10-01,2025-06-30
CAR01,L04,SVC_ECO,25,100.0,1.4732,76.12,2025-07-01,
CAR01,L04,SVC_ECO,100,500.0,1.0854,69.2,2024-10-01,2025-06-30
CAR01,L04,SVC_ECO,100,500.0,1.2374,76.12,2025-07-01,
CAR01,L04,SVC_ECO,500,3000.0,0.9016,69.2,2024-10-01,2025-06-30
CAR01,L04,SVC_ECO,500,3000.0,1.0278,76.12,2025-07-01,
CAR01,L04,SVC_ECO,3000,,0.7637,69.2,2024-10-01,2025-06-30
CAR01,L04,SVC_ECO,3000,,0.8706,76.12,2025-07-01,
CAR03,L04,SVC_STD,0,25.0,1.5128,69.2,2024-10-01,
CAR03,L04,SVC_STD,25,100.0,1.3035,69.2,2024-10-01,
CAR03,L04,SVC_STD,100,500.0,1.0942,69.2,2024-10-01,
CAR03,L04,SVC_STD,500,3000.0,0.9081,69.2,2024-10-01,
CAR03,L04,SVC_STD,3000,,0.7686,69.2,2024-10-01,
CAR03,L04,SVC_ECO,0,25.0,1.2802,69.2,2024-10-01,
CAR03,L04,SVC_ECO,25,100.0,1.1128,69.2,2024-10-01,
CAR03,L04,SVC_ECO,100,500.0,0.9454,69.2,2024-10-01,
CAR03,L04,SVC_ECO,500,3000.0,0.7965,69.2,2024-10-01,
CAR03,L04,SVC_ECO,3000,,0.6849,69.2,2024-10-01,
CAR01,L05,SVC_EXP,0,25.0,0.8716,44.2,2024-10-01,
CAR01,L05,SVC_EXP,25,100.0,0.7777,44.2,2024-10-01,
CAR01,L05,SVC_EXP,100,500.0,0.6838,44.2,2024-10-01,
CAR01,L05,SVC_EXP,500,3000.0,0.6004,44.2,2024-10-01,
CAR01,L05,SVC_EXP,3000,,0.5378,44.2,2024-10-01,
CAR01,L05,SVC_STD,0,25.0,0.7364,44.2,2024-10-01,
CAR01,L05,SVC_STD,25,100.0,0.6668,44.2,2024-10-01,
CAR01,L05,SVC_STD,100,500.0,0.5973,44.2,2024-10-01,
CAR01,L05,SVC_STD,500,3000.0,0.5355,44.2,2024-10-01,
CAR01,L05,SVC_STD,3000,,0.4891,44.2,2024-10-01,
CAR01,L05,SVC_ECO,0,25.0,0.6591,44.2,2024-10-01,
CAR01,L05,SVC_ECO,25,100.0,0.6035,44.2,2024-10-01,
CAR01,L05,SVC_ECO,100,500.0,0.5478,44.2,2024-10-01,
CAR01,L05,SVC_ECO,500,3000.0,0.4984,44.2,2024-10-01,
CAR01,L05,SVC_ECO,3000,,0.4613,44.2,2024-10-01,
CAR02,L05,SVC_EXP,0,25.0,0.8406,44.2,2024-10-01,
CAR02,L05,SVC_EXP,25,100.0,0.7523,44.2,2024-10-01,
CAR02,L05,SVC_EXP,100,500.0,0.664,44.2,2024-10-01,
CAR02,L05,SVC_EXP,500,3000.0,0.5855,44.2,2024-10-01,
CAR02,L05,SVC_EXP,3000,,0.5266,44.2,2024-10-01,
CAR02,L05,SVC_STD,0,25.0,0.7134,44.2,2024-10-01,
CAR02,L05,SVC_STD,25,100.0,0.648,44.2,2024-10-01,
CAR02,L05,SVC_STD,100,500.0,0.5826,44.2,2024-10-01,
CAR02,L05,SVC_STD,500,3000.0,0.5244,44.2,2024-10-01,
CAR02,L05,SVC_STD,3000,,0.4808,44.2,2024-10-01,
CAR02,L05,SVC_ECO,0,25.0,0.6407,44.2,2024-10-01,
CAR02,L05,SVC_ECO,25,100.0,0.5884,44.2,2024-10-01,
CAR02,L05,SVC_ECO,100,500.0,0.5361,44.2,2024-10-01,
CAR02,L05,SVC_ECO,500,3000.0,0.4895,44.2,2024-10-01,
CAR02,L05,SVC_ECO,3000,,0.4547,44.2,2024-10-01,
CAR04,L05,SVC_EXP,0,25.0,0.9834,44.2,2024-10-01,
CAR04,L05,SVC_EXP,25,100.0,0.8694,44.2,2024-10-01,
CAR04,L05,SVC_EXP,100,500.0,0.7554,44.2,2024-10-01,
CAR04,L05,SVC_EXP,500,3000.0,0.654,44.2,2024-10-01,
CAR04,L05,SVC_EXP,3000,,0.578,44.2,2024-10-01,
CAR04,L05,SVC_STD,0,25.0,0.8192,44.2,2024-10-01,
CAR04,L05,SVC_STD,25,100.0,0.7347,44.2,2024-10-01,
CAR04,L05,SVC_STD,100,500.0,0.6503,44.2,2024-10-01,
CAR04,L05,SVC_STD,500,3000.0,0.5752,44.2,2024-10-01,
CAR04,L05,SVC_STD,3000,,0.5189,44.2,2024-10-01,
CAR04,L05,SVC_ECO,0,25.0,0.7254,44.2,2024-10-01,
CAR04,L05,SVC_ECO,25,100.0,0.6578,44.2,2024-10-01,
CAR04,L05,SVC_ECO,100,500.0,0.5902,44.2,2024-10-01,
CAR04,L05,SVC_ECO,500,3000.0,0.5302,44.2,2024-10-01,
CAR04,L05,SVC_ECO,3000,,0.4851,44.2,2024-10-01,
CAR01,L06,SVC_EXP,0,25.0,0.3925,35.75,2024-10-01,
CAR01,L06,SVC_EXP,25,100.0,0.3849,35.75,2024-10-01,
CAR01,L06,SVC_EXP,100,500.0,0.3772,35.75,2024-10-01,
CAR01,L06,SVC_EXP,500,3000.0,0.3704,35.75,2024-10-01,
CAR01,L06,SVC_EXP,3000,,0.3653,35.75,2024-10-01,
CAR01,L06,SVC_STD,0,25.0,0.3815,35.75,2024-10-01,
CAR01,L06,SVC_STD,25,100.0,0.3758,35.75,2024-10-01,
CAR01,L06,SVC_STD,100,500.0,0.3702,35.75,2024-10-01,
CAR01,L06,SVC_STD,500,3000.0,0.3651,35.75,2024-10-01,
CAR01,L06,SVC_STD,3000,,0.3613,35.75,2024-10-01,
CAR06,L06,SVC_EXP,0,25.0,0.3905,35.75,2024-10-01,
CAR06,L06,SVC_EXP,25,100.0,0.3832,35.75,2024-10-01,
CAR06,L06,SVC_EXP,100,500.0,0.3759,35.75,2024-10-01,
CAR06,L06,SVC_EXP,500,3000.0,0.3694,35.75,2024-10-01,
CAR06,L06,SVC_EXP,3000,,0.3646,35.75,2024-10-01,
CAR06,L06,SVC_STD,0,25.0,0.38,35.75,2024-10-01,
CAR06,L06,SVC_STD,25,100.0,0.3746,35.75,2024-10-01,
CAR06,L06,SVC_STD,100,500.0,0.3692,35.75,2024-10-01,
CAR06,L06,SVC_STD,500,3000.0,0.3644,35.75,2024-10-01,
CAR06,L06,SVC_STD,3000,,0.3608,35.75,2024-10-01,
CAR02,L06,SVC_EXP,0,25.0,0.39,35.75,2024-10-01,
CAR02,L06,SVC_EXP,25,100.0,0.3828,35.75,2024-10-01,
CAR02,L06,SVC_EXP,100,500.0,0.3756,35.75,2024-10-01,
CAR02,L06,SVC_EXP,500,3000.0,0.3692,35.75,2024-10-01,
CAR02,L06,SVC_EXP,3000,,0.3644,35.75,2024-10-01,
CAR02,L06,SVC_STD,0,25.0,0.3796,35.75,2024-10-01,
CAR02,L06,SVC_STD,25,100.0,0.3743,35.75,2024-10-01,
CAR02,L06,SVC_STD,100,500.0,0.369,35.75,2024-10-01,
CAR02,L06,SVC_STD,500,3000.0,0.3642,35.75,2024-10-01,
CAR02,L06,SVC_STD,3000,,0.3607,35.75,2024-10-01,
CAR01,L07,SVC_EXP,0,25.0,0.3698,35.35,2024-10-01,
CAR01,L07,SVC_EXP,25,100.0,0.3663,35.35,2024-10-01,
CAR01,L07,SVC_EXP,100,500.0,0.3627,35.35,2024-10-01,
CAR01,L07,SVC_EXP,500,3000.0,0.3595,35.35,2024-10-01,
CAR01,L07,SVC_EXP,3000,,0.3571,35.35,2024-10-01,
CAR01,L07,SVC_STD,0,25.0,0.3647,35.35,2024-10-01,
CAR01,L07,SVC_STD,25,100.0,0.3621,35.35,2024-10-01,
CAR01,L07,SVC_STD,100,500.0,0.3594,35.35,2024-10-01,
CAR01,L07,SVC_STD,500,3000.0,0.3571,35.35,2024-10-01,
CAR01,L07,SVC_STD,3000,,0.3553,35.35,2024-10-01,
CAR06,L07,SVC_EXP,0,25.0,0.3689,35.35,2024-10-01,
CAR06,L07,SVC_EXP,25,100.0,0.3655,35.35,2024-10-01,
CAR06,L07,SVC_EXP,100,500.0,0.3621,35.35,2024-10-01,
CAR06,L07,SVC_EXP,500,3000.0,0.3591,35.35,2024-10-01,
CAR06,L07,SVC_EXP,3000,,0.3568,35.35,2024-10-01,
CAR06,L07,SVC_STD,0,25.0,0.364,35.35,2024-10-01,
CAR06,L07,SVC_STD,25,100.0,0.3615,35.35,2024-10-01,
CAR06,L07,SVC_STD,100,500.0,0.359,35.35,2024-10-01,
CAR06,L07,SVC_STD,500,3000.0,0.3567,35.35,2024-10-01,
CAR06,L07,SVC_STD,3000,,0.355,35.35,2024-10-01,
CAR04,L07,SVC_EXP,0,25.0,0.3741,35.35,2024-10-01,
CAR04,L07,SVC_EXP,25,100.0,0.3698,35.35,2024-10-01,
CAR04,L07,SVC_EXP,100,500.0,0.3654,35.35,2024-10-01,
CAR04,L07,SVC_EXP,500,3000.0,0.3616,35.35,2024-10-01,
CAR04,L07,SVC_EXP,3000,,0.3587,35.35,2024-10-01,
CAR04,L07,SVC_STD,0,25.0,0.3678,35.35,2024-10-01,
CAR04,L07,SVC_STD,25,100.0,0.3646,35.35,2024-10-01,
CAR04,L07,SVC_STD,100,500.0,0.3614,35.35,2024-10-01,
CAR04,L07,SVC_STD,500,3000.0,0.3586,35.35,2024-10-01,
CAR04,L07,SVC_STD,3000,,0.3564,35.35,2024-10-01,
CAR02,L08,SVC_STD,0,25.0,0.5673,40.5,2024-10-01,
CAR02,L08,SVC_STD,25,100.0,0.5281,40.5,2024-10-01,
CAR02,L08,SVC_STD,100,500.0,0.489,40.5,2024-10-01,
CAR02,L08,SVC_STD,500,3000.0,0.4543,40.5,2024-10-01,
CAR02,L08,SVC_STD,3000,,0.4282,40.5,2024-10-01,
CAR02,L08,SVC_ECO,0,25.0,0.5238,40.5,2024-10-01,
CAR02,L08,SVC_ECO,25,100.0,0.4925,40.5,2024-10-01,
CAR02,L08,SVC_ECO,100,500.0,0.4612,40.5,2024-10-01,
CAR02,L08,SVC_ECO,500,3000.0,0.4334,40.5,2024-10-01,
CAR02,L08,SVC_ECO,3000,,0.4126,40.5,2024-10-01,
CAR05,L08,SVC_STD,0,25.0,0.603,40.5,2024-10-01,
CAR05,L08,SVC_STD,25,100.0,0.5575,40.5,2024-10-01,
CAR05,L08,SVC_STD,100,500.0,0.5119,40.5,2024-10-01,
CAR05,L08,SVC_STD,500,3000.0,0.4714,40.5,2024-10-01,
CAR05,L08,SVC_STD,3000,,0.4411,40.5,2024-10-01,
CAR05,L08,SVC_ECO,0,25.0,0.5524,40.5,2024-10-01,
CAR05,L08,SVC_ECO,25,100.0,0.516,40.5,2024-10-01,
CAR05,L08,SVC_ECO,100,500.0,0.4795,40.5,2024-10-01,
CAR05,L08,SVC_ECO,500,3000.0,0.4472,40.5,2024-10-01,
CAR05,L08,SVC_ECO,3000,,0.4229,40.5,2024-10-01,
CAR02,L09,SVC_EXP,0,25.0,0.43,36.5,2024-10-01,
CAR02,L09,SVC_EXP,25,100.0,0.4156,36.5,2024-10-01,
CAR02,L09,SVC_EXP,100,500.0,0.4012,36.5,2024-10-01,
CAR02,L09,SVC_EXP,500,3000.0,0.3884,36.5,2024-10-01,
CAR02,L09,SVC_EXP,3000,,0.3788,36.5,2024-10-01,
CAR02,L09,SVC_STD,0,25.0,0.4093,36.5,2024-10-01,
CAR02,L09,SVC_STD,25,100.0,0.3986,36.5,2024-10-01,
CAR02,L09,SVC_STD,100,500.0,0.3879,36.5,2024-10-01,
CAR02,L09,SVC_STD,500,3000.0,0.3784,36.5,2024-10-01,
CAR02,L09,SVC_STD,3000,,0.3713,36.5,2024-10-01,
CAR02,L09,SVC_ECO,0,25.0,0.3974,36.5,2024-10-01,
CAR02,L09,SVC_ECO,25,100.0,0.3889,36.5,2024-10-01,
CAR02,L09,SVC_ECO,100,500.0,0.3803,36.5,2024-10-01,
CAR02,L09,SVC_ECO,500,3000.0,0.3728,36.5,2024-10-01,
CAR02,L09,SVC_ECO,3000,,0.3671,36.5,2024-10-01,
CAR05,L09,SVC_EXP,0,25.0,0.4431,36.5,2024-10-01,
CAR05,L09,SVC_EXP,25,100.0,0.4264,36.5,2024-10-01,
CAR05,L09,SVC_EXP,100,500.0,0.4096,36.5,2024-10-01,
CAR05,L09,SVC_EXP,500,3000.0,0.3947,36.5,2024-10-01,
CAR05,L09,SVC_EXP,3000,,0.3835,36.5,2024-10-01,
CAR05,L09,SVC_STD,0,25.0,0.419,36.5,2024-10-01,
CAR05,L09,SVC_STD,25,100.0,0.4066,36.5,2024-10-01,
CAR05,L09,SVC_STD,100,500.0,0.3942,36.5,2024-10-01,
CAR05,L09,SVC_STD,500,3000.0,0.3831,36.5,2024-10-01,
CAR05,L09,SVC_STD,3000,,0.3748,36.5,2024-10-01,
CAR05,L09,SVC_ECO,0,25.0,0.4052,36.5,2024-10-01,
CAR05,L09,SVC_ECO,25,100.0,0.3953,36.5,2024-10-01,
CAR05,L09,SVC_ECO,100,500.0,0.3853,36.5,2024-10-01,
CAR05,L09,SVC_ECO,500,3000.0,0.3765,36.5,2024-10-01,
CAR05,L09,SVC_ECO,3000,,0.3699,36.5,2024-10-01,
CAR01,L09,SVC_EXP,0,25.0,0.435,36.5,2024-10-01,
CAR01,L09,SVC_EXP,25,100.0,0.4197,36.5,2024-10-01,
CAR01,L09,SVC_EXP,100,500.0,0.4044,36.5,2024-10-01,
CAR01,L09,SVC_EXP,500,3000.0,0.3908,36.5,2024-10-01,
CAR01,L09,SVC_EXP,3000,,0.3806,36.5,2024-10-01,
CAR01,L09,SVC_STD,0,25.0,0.413,36.5,2024-10-01,
CAR01,L09,SVC_STD,25,100.0,0.4017,36.5,2024-10-01,
CAR01,L09,SVC_STD,100,500.0,0.3903,36.5,2024-10-01,
CAR01,L09,SVC_STD,500,3000.0,0.3802,36.5,2024-10-01,
CAR01,L09,SVC_STD,3000,,0.3727,36.5,2024-10-01,
CAR01,L09,SVC_ECO,0,25.0,0.4004,36.5,2024-10-01,
CAR01,L09,SVC_ECO,25,100.0,0.3913,36.5,2024-10-01,
CAR01,L09,SVC_ECO,100,500.0,0.3823,36.5,2024-10-01,
CAR01,L09,SVC_ECO,500,3000.0,0.3742,36.5,2024-10-01,
CAR01,L09,SVC_ECO,3000,,0.3681,36.5,2024-10-01,
CAR01,L10,SVC_STD,0,25.0,0.4865,38.25,2024-10-01,
CAR01,L10,SVC_STD,25,100.0,0.4619,38.25,2024-10-01,
CAR01,L10,SVC_STD,100,500.0,0.4374,38.25,2024-10-01,
CAR01,L10,SVC_STD,500,3000.0,0.4155,38.25,2024-10-01,
CAR01,L10,SVC_STD,3000,,0.3991,38.25,2024-10-01,
CAR01,L10,SVC_ECO,0,25.0,0.4592,38.25,2024-10-01,
CAR01,L10,SVC_ECO,25,100.0,0.4395,38.25,2024-10-01,
CAR01,L10,SVC_ECO,100,500.0,0.4199,38.25,2024-10-01,
CAR01,L10,SVC_ECO,500,3000.0,0.4024,38.25,2024-10-01,
CAR01,L10,SVC_ECO,3000,,0.3893,38.25,2024-10-01,
CAR02,L10,SVC_STD,0,25.0,0.4784,38.25,2024-10-01,
CAR02,L10,SVC_STD,25,100.0,0.4553,38.25,2024-10-01,
CAR02,L10,SVC_STD,100,500.0,0.4322,38.25,2024-10-01,
CAR02,L10,SVC_STD,500,3000.0,0.4116,38.25,2024-10-01,
CAR02,L10,SVC_STD,3000,,0.3962,38.25,2024-10-01,
CAR02,L10,SVC_ECO,0,25.0,0.4527,38.25,2024-10-01,
CAR02,L10,SVC_ECO,25,100.0,0.4342,38.25,2024-10-01,
CAR02,L10,SVC_ECO,100,500.0,0.4157,38.25,2024-10-01,
CAR02,L10,SVC_ECO,500,3000.0,0.3993,38.25,2024-10-01,
CAR02,L10,SVC_ECO,3000,,0.387,38.25,2024-10-01,
CAR05,L10,SVC_STD,0,25.0,0.4995,38.25,2024-10-01,
CAR05,L10,SVC_STD,25,100.0,0.4726,38.25,2024-10-01,
CAR05,L10,SVC_STD,100,500.0,0.4457,38.25,2024-10-01,
CAR05,L10,SVC_STD,500,3000.0,0.4218,38.25,2024-10-01,
CAR05,L10,SVC_STD,3000,,0.4038,38.25,2024-10-01,
CAR05,L10,SVC_ECO,0,25.0,0.4696,38.25,2024-10-01,
CAR05,L10,SVC_ECO,25,100.0,0.4481,38.25,2024-10-01,
CAR05,L10,SVC_ECO,100,500.0,0.4265,38.25,2024-10-01,
CAR05,L10,SVC_ECO,500,3000.0,0.4074,38.25,2024-10-01,
CAR05,L10,SVC_ECO,3000,,0.3931,38.25,2024-10-01,
CAR05,L11,SVC_ECO,0,25.0,1.73,72.5,2024-10-01,
CAR05,L11,SVC_ECO,25,100.0,1.4816,72.5,2024-10-01,
CAR05,L11,SVC_ECO,100,500.0,1.2332,72.5,2024-10-01,
CAR05,L11,SVC_ECO,500,3000.0,1.0124,72.5,2024-10-01,
CAR05,L11,SVC_ECO,3000,,0.8468,72.5,2024-10-01,
CAR03,L11,SVC_ECO,0,25.0,1.37,72.5,2024-10-01,
CAR03,L11,SVC_ECO,25,100.0,1.1864,72.5,2024-10-01,
CAR03,L11,SVC_ECO,100,500.0,1.0028,72.5,2024-10-01,
CAR03,L11,SVC_ECO,500,3000.0,0.8396,72.5,2024-10-01,
CAR03,L11,SVC_ECO,3000,,0.7172,72.5,2024-10-01,
CAR03,L12,SVC_STD,0,25.0,1.7542,76.3,2024-10-01,
CAR03,L12,SVC_STD,25,100.0,1.5014,76.3,2024-10-01,
CAR03,L12,SVC_STD,100,500.0,1.2487,76.3,2024-10-01,
CAR03,L12,SVC_STD,500,3000.0,1.024,76.3,2024-10-01,
CAR03,L12,SVC_STD,3000,,0.8555,76.3,2024-10-01,
CAR03,L12,SVC_ECO,0,25.0,1.4734,76.3,2024-10-01,
CAR03,L12,SVC_ECO,25,100.0,1.2712,76.3,2024-10-01,
CAR03,L12,SVC_ECO,100,500.0,1.069,76.3,2024-10-01,
CAR03,L12,SVC_ECO,500,3000.0,0.8892,76.3,2024-10-01,
CAR03,L12,SVC_ECO,3000,,0.7544,76.3,2024-10-01,
CAR01,L12,SVC_STD,0,25.0,2.0846,76.3,2024-10-01,
CAR01,L12,SVC_STD,25,100.0,1.7724,76.3,2024-10-01,
CAR01,L12,SVC_STD,100,500.0,1.4601,76.3,2024-10-01,
CAR01,L12,SVC_STD,500,3000.0,1.1826,76.3,2024-10-01,
CAR01,L12,SVC_STD,3000,,0.9745,76.3,2024-10-01,
CAR01,L12,SVC_ECO,0,25.0,1.7377,76.3,2024-10-01,
CAR01,L12,SVC_ECO,25,100.0,1.4879,76.3,2024-10-01,
CAR01,L12,SVC_ECO,100,500.0,1.2381,76.3,2024-10-01,
CAR01,L12,SVC_ECO,500,3000.0,1.0161,76.3,2024-10-01,
CAR01,L12,SVC_ECO,3000,,0.8496,76.3,2024-10-01,
