customer_id,month,shipment_count,total_buy_cost,total_sell_price,accessorial_shipment_count,target_margin_pct,realized_margin_pct,accessorial_shipment_share_pct,margin_gap_pp,margin_flag,low_confidence
CUST01,2024-10-01,12,1586.5,2010.42,5,23.077,21.086,41.67,1.991,ok,False
CUST01,2024-11-01,8,630.7,825.03,2,23.077,23.554,25.0,-0.477,ok,False
CUST01,2024-12-01,6,905.0400000000001,1198.3,1,23.077,24.473,16.67,-1.396,ok,True
CUST01,2025-01-01,8,1545.16,1976.72,5,23.077,21.832,62.5,1.245,ok,False
CUST01,2025-02-01,9,1932.23,2393.85,1,23.077,19.284,11.11,3.793,warning,False
CUST01,2025-03-01,11,972.8199999999999,1287.48,3,23.077,24.44,27.27,-1.363,ok,False
CUST01,2025-04-01,7,819.92,1080.98,3,23.077,24.15,42.86,-1.073,ok,True
CUST01,2025-05-01,7,1020.5699999999999,1316.73,3,23.077,22.492,42.86,0.585,ok,True
CUST01,2025-06-01,11,1662.59,2184.09,4,23.077,23.877,36.36,-0.8,ok,False
CUST01,2025-07-01,11,2363.29,3036.25,6,23.077,22.164,54.55,0.913,ok,False
CUST01,2025-08-01,11,2340.0,2866.23,4,23.077,18.36,36.36,4.717,warning,False
CUST01,2025-09-01,10,1007.72,1358.43,3,23.077,25.817,30.0,-2.74,ok,False
CUST01,2025-10-01,11,1437.75,1850.04,2,23.077,22.285,18.18,0.792,ok,False
CUST01,2025-11-01,12,1735.17,2257.61,8,23.077,23.141,66.67,-0.064,ok,False
CUST01,2025-12-01,9,2243.15,2823.43,5,23.077,20.552,55.56,2.525,ok,False
CUST01,2026-01-01,7,1744.33,2011.19,3,23.077,13.269,42.86,9.808,breach,True
CUST01,2026-02-01,12,1994.5900000000001,2607.2,6,23.077,23.497,50.0,-0.42,ok,False
CUST01,2026-03-01,11,2181.68,2688.92,6,23.077,18.864,54.55,4.213,warning,False
CUST01,2026-04-01,8,1157.94,1457.79,2,23.077,20.569,25.0,2.508,ok,False
CUST01,2026-05-01,12,1361.5,1722.25,2,23.077,20.946,16.67,2.131,ok,False
CUST02,2024-10-01,24,3536.17,4356.87,12,18.033,18.837,50.0,-0.804,ok,False
CUST02,2024-11-01,22,3997.62,4878.68,8,18.033,18.059,36.36,-0.026,ok,False
CUST02,2024-12-01,24,3888.31,4694.42,7,18.033,17.172,29.17,0.861,ok,False
CUST02,2025-01-01,16,2073.89,2414.35,10,18.033,14.102,62.5,3.931,warning,False
CUST02,2025-02-01,18,2383.5,2960.5,7,18.033,19.49,38.89,-1.457,ok,False
CUST02,2025-03-01,25,4031.48,4746.65,17,18.033,15.067,68.0,2.966,ok,False
CUST02,2025-04-01,16,3334.85,3998.29,4,18.033,16.593,25.0,1.44,ok,False
CUST02,2025-05-01,15,3132.04,3827.95,9,18.033,18.18,60.0,-0.147,ok,False
CUST02,2025-06-01,26,4518.59,5353.19,18,18.033,15.591,69.23,2.442,ok,False
CUST02,2025-07-01,28,6236.25,7121.9400000000005,19,18.033,12.436,67.86,5.597,warning,False
CUST02,2025-08-01,20,3839.55,4578.65,12,18.033,16.142,60.0,1.891,ok,False
CUST02,2025-09-01,16,3408.03,4007.53,12,18.033,14.959,75.0,3.074,warning,False
CUST02,2025-10-01,18,3048.2799999999997,3616.75,13,18.033,15.718,72.22,2.315,ok,False
CUST02,2025-11-01,15,3109.45,3707.1,8,18.033,16.122,53.33,1.911,ok,False
CUST02,2025-12-01,16,2965.05,3438.25,12,18.033,13.763,75.0,4.27,warning,False
CUST02,2026-01-01,27,5705.32,6963.84,21,18.033,18.072,77.78,-0.039,ok,False
CUST02,2026-02-01,16,2874.85,3452.5299999999997,12,18.033,16.732,75.0,1.301,ok,False
CUST02,2026-03-01,17,3659.24,4348.07,12,18.033,15.842,70.59,2.191,ok,False
CUST02,2026-04-01,18,3013.55,3533.34,12,18.033,14.711,66.67,3.322,warning,False
CUST02,2026-05-01,26,4412.72,5273.79,24,18.033,16.327,92.31,1.706,ok,False
CUST03,2024-10-01,55,14154.57,16245.48,13,13.043,12.871,23.64,0.172,ok,False
CUST03,2024-11-01,36,8293.380000000001,9490.25,7,13.043,12.612,19.44,0.431,ok,False
CUST03,2024-12-01,46,10362.16,11850.2,18,13.043,12.557,39.13,0.486,ok,False
CUST03,2025-01-01,47,12071.0,13861.13,18,13.043,12.915,38.3,0.128,ok,False
CUST03,2025-02-01,56,14786.84,16929.52,28,13.043,12.656,50.0,0.387,ok,False
CUST03,2025-03-01,48,11588.06,13328.24,20,13.043,13.056,41.67,-0.013,ok,False
CUST03,2025-04-01,43,11570.5,13376.96,15,13.043,13.504,34.88,-0.461,ok,False
CUST03,2025-05-01,52,13360.28,15370.18,18,13.043,13.077,34.62,-0.034,ok,False
CUST03,2025-06-01,37,12284.17,14126.86,10,13.043,13.044,27.03,-0.001,ok,False
CUST03,2025-07-01,42,11300.8,11666.1,13,13.043,3.131,30.95,9.912,breach,False
CUST03,2025-08-01,55,14679.05,15300.28,19,13.043,4.06,34.55,8.983,breach,False
CUST03,2025-09-01,44,11496.38,13661.369999999999,17,15.689,15.848,38.64,-0.159,ok,False
CUST03,2025-10-01,44,10859.5,13044.41,15,16.179,16.75,34.09,-0.571,ok,False
CUST03,2025-11-01,51,14074.55,16714.74,19,16.087,15.796,37.25,0.291,ok,False
CUST03,2025-12-01,50,13588.85,16057.0,18,15.63,15.371,36.0,0.259,ok,False
CUST03,2026-01-01,44,12308.03,14813.71,10,16.571,16.915,22.73,-0.344,ok,False
CUST03,2026-02-01,51,15113.6,18097.85,15,16.34,16.49,29.41,-0.15,ok,False
CUST03,2026-03-01,48,12743.15,15279.41,14,16.008,16.599,29.17,-0.591,ok,False
CUST03,2026-04-01,55,14141.17,16951.17,20,16.257,16.577,36.36,-0.32,ok,False
CUST03,2026-05-01,58,16978.19,20396.6,20,15.868,16.76,34.48,-0.892,ok,False
CUST04,2024-11-01,11,1827.31,2338.83,4,23.077,21.871,36.36,1.206,ok,False
CUST04,2024-12-01,9,1811.22,2430.19,3,23.077,25.47,33.33,-2.393,ok,False
CUST04,2025-01-01,7,1558.82,1917.1399999999999,6,23.077,18.69,85.71,4.387,warning,True
CUST04,2025-02-01,7,919.52,1212.4099999999999,2,23.077,24.158,28.57,-1.081,ok,True
CUST04,2025-03-01,11,2292.88,3014.9700000000003,4,23.077,23.95,36.36,-0.873,ok,False
CUST04,2025-04-01,7,693.53,875.75,4,23.077,20.807,57.14,2.27,ok,True
CUST04,2025-05-01,11,1980.02,2520.14,4,23.077,21.432,36.36,1.645,ok,False
CUST04,2025-06-01,7,896.51,1136.79,3,23.077,21.137,42.86,1.94,ok,True
CUST04,2025-07-01,10,2096.12,2805.56,3,23.077,25.287,30.0,-2.21,ok,False
CUST04,2025-08-01,12,1599.39,2001.99,3,23.077,20.11,25.0,2.967,ok,False
CUST04,2025-09-01,9,2140.99,2648.39,3,23.077,19.159,33.33,3.918,warning,False
CUST04,2025-10-01,9,1068.96,1355.92,3,23.077,21.163,33.33,1.914,ok,False
CUST04,2025-11-01,9,936.54,1180.85,5,23.077,20.689,55.56,2.388,ok,False
CUST04,2025-12-01,11,1360.86,1695.5,3,23.077,19.737,27.27,3.34,warning,False
CUST04,2026-01-01,12,2114.8,2713.08,4,23.077,22.052,33.33,1.025,ok,False
CUST04,2026-02-01,7,1076.37,1338.49,2,23.077,19.583,28.57,3.494,warning,True
CUST04,2026-03-01,8,1491.16,1916.98,3,23.077,22.213,37.5,0.864,ok,False
CUST04,2026-04-01,7,1231.3899999999999,1480.9,2,23.077,16.849,28.57,6.228,breach,True
CUST04,2026-05-01,6,969.97,1282.34,2,23.077,24.359,33.33,-1.282,ok,True
CUST05,2024-11-01,18,1705.97,2086.2200000000003,6,18.033,18.227,33.33,-0.194,ok,False
CUST05,2024-12-01,19,2671.91,3238.19,6,18.033,17.488,31.58,0.545,ok,False
CUST05,2025-01-01,23,3309.0,3929.8,8,18.033,15.797,34.78,2.236,ok,False
CUST05,2025-02-01,16,2955.09,3688.34,7,18.033,19.88,43.75,-1.847,ok,False
CUST05,2025-03-01,15,3496.07,4257.89,4,18.033,17.892,26.67,0.141,ok,False
CUST05,2025-04-01,17,1806.46,2161.31,5,18.033,16.418,29.41,1.615,ok,False
CUST05,2025-05-01,22,3576.8,4296.52,10,18.033,16.751,45.45,1.282,ok,False
CUST05,2025-06-01,24,4326.08,5269.43,8,18.033,17.902,33.33,0.131,ok,False
CUST05,2025-07-01,15,2864.05,3408.3900000000003,5,18.033,15.971,33.33,2.062,ok,False
CUST05,2025-08-01,21,3515.18,4273.95,7,18.033,17.753,33.33,0.28,ok,False
CUST05,2025-09-01,26,4805.8,5652.93,6,18.033,14.986,23.08,3.047,warning,False
CUST05,2025-10-01,15,1923.9099999999999,2359.61,3,18.033,18.465,20.0,-0.432,ok,False
CUST05,2025-11-01,26,3755.54,4663.15,10,18.033,19.463,38.46,-1.43,ok,False
CUST05,2025-12-01,17,3647.9,4231.63,8,18.033,13.794,47.06,4.239,warning,False
CUST05,2026-01-01,26,4436.67,5341.36,12,18.033,16.937,46.15,1.096,ok,False
CUST05,2026-02-01,20,3466.34,4044.53,1,18.033,14.296,5.0,3.737,warning,False
CUST05,2026-03-01,26,4123.68,4952.02,11,18.033,16.727,42.31,1.306,ok,False
CUST05,2026-04-01,21,3592.61,4379.37,11,18.033,17.965,52.38,0.068,ok,False
CUST05,2026-05-01,22,3305.06,4165.49,7,18.033,20.656,31.82,-2.623,ok,False
CUST06,2024-12-01,22,4410.2,5339.32,10,18.033,17.401,45.45,0.632,ok,False
CUST06,2025-01-01,28,4245.14,5139.79,10,18.033,17.406,35.71,0.627,ok,False
CUST06,2025-02-01,23,3908.75,4701.5,11,18.033,16.862,47.83,1.171,ok,False
CUST06,2025-03-01,24,4085.55,4930.57,8,18.033,17.138,33.33,0.895,ok,False
CUST06,2025-04-01,15,2628.6,3116.92,6,18.033,15.667,40.0,2.366,ok,False
CUST06,2025-05-01,15,2517.23,3239.73,3,18.033,22.301,20.0,-4.268,ok,False
CUST06,2025-06-01,17,3557.56,4380.62,6,18.033,18.789,35.29,-0.756,ok,False
CUST06,2025-07-01,21,3703.08,4441.35,9,18.033,16.623,42.86,1.41,ok,False
CUST06,2025-08-01,15,2624.7799999999997,3173.04,6,18.033,17.279,40.0,0.754,ok,False
CUST06,2025-09-01,25,4652.68,5622.56,7,18.033,17.25,28.0,0.783,ok,False
CUST06,2025-10-01,28,5300.72,6539.99,7,18.033,18.949,25.0,-0.916,ok,False
CUST06,2025-11-01,20,2306.46,2761.78,8,18.033,16.486,40.0,1.547,ok,False
CUST06,2025-12-01,27,4371.26,5367.2,14,18.033,18.556,51.85,-0.523,ok,False
CUST06,2026-01-01,21,2600.77,3142.2,5,18.033,17.231,23.81,0.802,ok,False
CUST06,2026-02-01,21,3264.96,3825.6,8,18.033,14.655,38.1,3.378,warning,False
CUST06,2026-03-01,21,3213.09,3954.67,7,18.033,18.752,33.33,-0.719,ok,False
CUST06,2026-04-01,28,5247.37,6084.84,13,18.033,13.763,46.43,4.27,warning,False
CUST06,2026-05-01,22,3518.2400000000002,4241.74,10,18.033,17.057,45.45,0.976,ok,False
CUST07,2025-01-01,8,1366.78,1727.02,2,23.077,20.859,25.0,2.218,ok,False
CUST07,2025-02-01,6,940.63,1235.55,2,23.077,23.87,33.33,-0.793,ok,True
CUST07,2025-03-01,6,919.3599999999999,1142.87,2,23.077,19.557,33.33,3.52,warning,True
CUST07,2025-04-01,6,744.68,952.79,3,23.077,21.842,50.0,1.235,ok,True
CUST07,2025-05-01,7,1032.23,1255.53,2,23.077,17.785,28.57,5.292,warning,True
CUST07,2025-06-01,11,1590.37,1997.46,1,23.077,20.38,9.09,2.697,ok,False
CUST07,2025-07-01,10,1282.41,1652.49,5,23.077,22.395,50.0,0.682,ok,False
CUST07,2025-08-01,7,998.77,1295.6100000000001,1,23.077,22.911,14.29,0.166,ok,True
CUST07,2025-09-01,10,2277.14,2922.58,4,23.077,22.085,40.0,0.992,ok,False
CUST07,2025-10-01,6,840.1800000000001,1087.9,2,23.077,22.77,33.33,0.307,ok,True
CUST07,2025-11-01,12,1489.8300000000002,1926.02,5,23.077,22.647,41.67,0.43,ok,False
CUST07,2025-12-01,11,1905.3,2321.34,2,23.077,17.922,18.18,5.155,warning,False
CUST07,2026-01-01,6,712.89,912.87,2,23.077,21.907,33.33,1.17,ok,True
CUST07,2026-02-01,7,1724.77,1994.1,2,23.077,13.506,28.57,9.571,breach,True
CUST07,2026-03-01,6,540.84,685.93,3,23.077,21.152,50.0,1.925,ok,True
CUST07,2026-04-01,8,1847.96,2353.06,1,23.077,21.466,12.5,1.611,ok,False
CUST07,2026-05-01,8,1728.62,2151.95,2,23.077,19.672,25.0,3.405,warning,False
CUST08,2025-02-01,19,2614.0,3174.82,2,18.033,17.665,10.53,0.368,ok,False
CUST08,2025-03-01,20,2982.94,3573.83,11,18.033,16.534,55.0,1.499,ok,False
CUST08,2025-04-01,26,4066.33,4813.07,12,18.033,15.515,46.15,2.518,ok,False
CUST08,2025-05-01,26,4470.37,5331.22,9,18.033,16.147,34.62,1.886,ok,False
CUST08,2025-06-01,17,3520.15,4311.88,6,18.033,18.362,35.29,-0.329,ok,False
CUST08,2025-07-01,15,4103.610000000001,4728.8099999999995,4,18.033,13.221,26.67,4.812,warning,False
CUST08,2025-08-01,19,3463.99,4048.19,11,18.033,14.431,57.89,3.602,warning,False
CUST08,2025-09-01,15,3106.15,3808.0,5,18.033,18.431,33.33,-0.398,ok,False
CUST08,2025-10-01,24,3907.2200000000003,4577.72,11,18.033,14.647,45.83,3.386,warning,False
CUST08,2025-11-01,17,2438.33,2945.65,5,18.033,17.223,29.41,0.81,ok,False
CUST08,2025-12-01,23,3620.68,4361.76,7,18.033,16.99,30.43,1.043,ok,False
CUST08,2026-01-01,15,2736.95,3190.21,6,18.033,14.208,40.0,3.825,warning,False
CUST08,2026-02-01,23,3567.5,4226.2,10,18.033,15.586,43.48,2.447,ok,False
CUST08,2026-03-01,23,3367.69,4016.32,6,18.033,16.15,26.09,1.883,ok,False
CUST08,2026-04-01,20,2598.42,3074.86,5,18.033,15.495,25.0,2.538,ok,False
CUST08,2026-05-01,16,3014.09,3569.71,6,18.033,15.565,37.5,2.468,ok,False
CUST09,2025-03-01,10,1954.35,2473.42,1,23.077,20.986,10.0,2.091,ok,False
CUST09,2025-04-01,8,1144.9699999999998,1463.3,2,23.077,21.754,25.0,1.323,ok,False
CUST09,2025-05-01,9,1604.6000000000001,2141.78,3,23.077,25.081,33.33,-2.004,ok,False
CUST09,2025-06-01,12,2169.96,2786.8,5,23.077,22.134,41.67,0.943,ok,False
CUST09,2025-07-01,10,1229.3500000000001,1558.15,5,23.077,21.102,50.0,1.975,ok,False
CUST09,2025-08-01,10,1442.37,1822.97,5,23.077,20.878,50.0,2.199,ok,False
CUST09,2025-09-01,6,702.46,843.72,2,23.077,16.743,33.33,6.334,breach,True
CUST09,2025-10-01,7,984.98,1289.26,1,23.077,23.601,14.29,-0.524,ok,True
CUST09,2025-11-01,6,1994.6899999999998,2412.34,2,23.077,17.313,33.33,5.764,warning,True
CUST09,2025-12-01,9,1019.5999999999999,1333.01,3,23.077,23.511,33.33,-0.434,ok,False
CUST09,2026-01-01,9,878.8399999999999,1093.67,6,23.077,19.643,66.67,3.434,warning,False
CUST09,2026-02-01,9,2037.2,2421.23,3,23.077,15.861,33.33,7.216,breach,False
CUST09,2026-03-01,12,2226.89,2959.01,4,23.077,24.742,33.33,-1.665,ok,False
CUST09,2026-04-01,11,1764.04,2199.34,4,23.077,19.792,36.36,3.285,warning,False
CUST09,2026-05-01,7,1319.28,1645.71,5,23.077,19.835,71.43,3.242,warning,True
CUST10,2024-10-01,49,9063.2,10357.09,17,13.043,12.493,34.69,0.55,ok,False
CUST10,2024-11-01,54,7943.5599999999995,9104.88,18,13.043,12.755,33.33,0.288,ok,False
CUST10,2024-12-01,57,9379.09,10921.17,24,13.043,14.12,42.11,-1.077,ok,False
CUST10,2025-01-01,44,7972.99,9001.31,18,13.043,11.424,40.91,1.619,ok,False
CUST10,2025-02-01,54,8283.59,9458.35,11,13.043,12.42,20.37,0.623,ok,False
CUST10,2025-03-01,43,8258.34,9477.61,15,13.043,12.865,34.88,0.178,ok,False
CUST10,2025-04-01,46,8403.48,9570.33,20,13.043,12.192,43.48,0.851,ok,False
CUST10,2025-05-01,55,7627.72,8826.95,17,13.043,13.586,30.91,-0.543,ok,False
CUST10,2025-06-01,43,7553.22,8779.91,16,13.043,13.972,37.21,-0.929,ok,False
CUST10,2025-07-01,59,10298.73,11550.53,25,13.043,10.838,42.37,2.205,ok,False
CUST10,2025-08-01,53,9692.46,10858.85,17,13.043,10.741,32.08,2.302,ok,False
CUST10,2025-09-01,36,6435.7,7343.08,14,13.043,12.357,38.89,0.686,ok,False
CUST10,2025-10-01,42,6241.15,7219.27,11,13.043,13.549,26.19,-0.506,ok,False
CUST10,2025-11-01,36,6270.34,6988.6900000000005,14,13.043,10.279,38.89,2.764,ok,False
CUST10,2025-12-01,36,6079.04,7134.46,12,13.043,14.793,33.33,-1.75,ok,False
CUST10,2026-01-01,50,8534.08,9599.23,20,13.043,11.096,40.0,1.947,ok,False
CUST10,2026-02-01,42,7130.7699999999995,7999.639999999999,19,13.043,10.861,45.24,2.182,ok,False
CUST10,2026-03-01,58,9745.74,10877.67,22,13.043,10.406,37.93,2.637,ok,False
CUST10,2026-04-01,59,8603.77,9774.25,17,13.043,11.975,28.81,1.068,ok,False
CUST10,2026-05-01,35,6725.87,7761.5,8,13.043,13.343,22.86,-0.3,ok,False
CUST11,2025-01-01,53,8274.41,9590.01,14,13.043,13.718,26.42,-0.675,ok,False
CUST11,2025-02-01,56,8494.46,9762.63,14,13.043,12.99,25.0,0.053,ok,False
CUST11,2025-03-01,44,7447.34,8424.18,16,13.043,11.596,36.36,1.447,ok,False
CUST11,2025-04-01,49,8900.9,10276.45,18,13.043,13.385,36.73,-0.342,ok,False
CUST11,2025-05-01,50,8899.82,10481.56,20,13.043,15.091,40.0,-2.048,ok,False
CUST11,2025-06-01,40,6514.79,7261.74,13,13.043,10.286,32.5,2.757,ok,False
CUST11,2025-07-01,36,5595.860000000001,6365.43,12,13.043,12.09,33.33,0.953,ok,False
CUST11,2025-08-01,38,7625.77,8512.51,17,13.043,10.417,44.74,2.626,ok,False
CUST11,2025-09-01,55,10063.16,11234.5,23,13.043,10.426,41.82,2.617,ok,False
CUST11,2025-10-01,43,6452.68,7108.16,15,13.043,9.222,34.88,3.821,warning,False
CUST11,2025-11-01,45,7728.0,8663.14,15,13.043,10.794,33.33,2.249,ok,False
CUST11,2025-12-01,40,4896.49,5579.56,23,13.043,12.242,57.5,0.801,ok,False
CUST11,2026-01-01,47,9639.77,10784.38,20,13.043,10.614,42.55,2.429,ok,False
CUST11,2026-02-01,40,6488.23,7319.07,14,13.043,11.352,35.0,1.691,ok,False
CUST11,2026-03-01,42,6637.51,7666.82,11,13.043,13.426,26.19,-0.383,ok,False
CUST11,2026-04-01,54,8444.38,9680.05,20,13.043,12.765,37.04,0.278,ok,False
CUST11,2026-05-01,40,6345.47,7481.37,17,13.043,15.183,42.5,-2.14,ok,False
CUST12,2025-04-01,12,1550.06,1965.35,4,23.077,21.131,33.33,1.946,ok,False
CUST12,2025-05-01,10,2859.81,3634.5699999999997,4,23.077,21.316,40.0,1.761,ok,False
CUST12,2025-06-01,10,2047.09,2625.22,3,23.077,22.022,30.0,1.055,ok,False
CUST12,2025-07-01,7,948.23,1195.79,2,23.077,20.703,28.57,2.374,ok,True
CUST12,2025-08-01,8,1872.07,2314.65,2,23.077,19.121,25.0,3.956,warning,False
CUST12,2025-09-01,6,910.06,1159.01,1,23.077,21.48,16.67,1.597,ok,True
CUST12,2025-10-01,9,2486.94,3364.63,4,23.077,26.086,44.44,-3.009,ok,False
CUST12,2025-11-01,7,1295.73,1601.8899999999999,2,23.077,19.112,28.57,3.965,warning,True
CUST12,2025-12-01,8,938.04,1203.08,3,23.077,22.03,37.5,1.047,ok,False
CUST12,2026-01-01,11,3386.8599999999997,3836.7,3,23.077,11.725,27.27,11.352,breach,False
CUST12,2026-02-01,6,679.0699999999999,884.1800000000001,4,23.077,23.198,66.67,-0.121,ok,True
CUST12,2026-03-01,11,1856.77,2434.42,5,23.077,23.728,45.45,-0.651,ok,False
CUST12,2026-04-01,7,1028.2,1398.91,1,23.077,26.5,14.29,-3.423,ok,True
CUST12,2026-05-01,7,1785.75,2372.54,2,23.077,24.733,28.57,-1.656,ok,True
